timestamp,severity,message
2026-04-20 10:22:11,ERROR,Database connection timeout
2026-04-20 10:25:14,INFO,User login successful
2026-04-20 10:30:01,WARNING,Memory usage high
2026-04-20 10:40:01,CRITICAL,Disk write failure
2026-04-20 10:45:01,ERROR,CPU overheating detected
2026-04-20 10:50:01,INFO,System startup completed
2026-04-20 10:55:01,WARNING,Network latency increased
2026-04-20 11:00:01,ERROR,Failed API request
2026-04-20 11:05:01,CRITICAL,Kernel panic detected
2026-04-20 11:10:01,INFO,Backup completed successfully
2026-04-20 11:15:01,WARNING,Disk space running low
2026-04-20 11:20:01,ERROR,Authentication failed
2026-04-20 11:25:01,CRITICAL,Server crash detected
2026-04-20 11:30:01,INFO,Configuration loaded
2026-04-20 11:35:01,WARNING,High CPU utilization
2026-04-20 11:40:01,ERROR,Service unavailable
2026-04-20 11:45:01,CRITICAL,Database corruption detected
2026-04-20 11:50:01,INFO,User logout successful
2026-04-20 11:55:01,WARNING,Application response delayed
2026-04-20 12:00:01,ERROR,Memory allocation failure
2026-04-20 12:05:01,INFO,Service restarted successfully
2026-04-20 12:10:01,WARNING,Packet loss detected
2026-04-20 12:15:01,ERROR,Session expired unexpectedly
2026-04-20 12:20:01,CRITICAL,RAID array failure
2026-04-20 12:25:01,INFO,Cache cleared successfully
2026-04-20 12:30:01,WARNING,Slow database response
2026-04-20 12:35:01,ERROR,Invalid configuration detected
2026-04-20 12:40:01,CRITICAL,Power supply interruption
2026-04-20 12:45:01,INFO,Security scan completed
2026-04-20 12:50:01,WARNING,SSL certificate nearing expiry
2026-04-20 12:55:01,ERROR,Unable to connect to SMTP server
2026-04-20 13:00:01,CRITICAL,Filesystem mount failure
2026-04-20 13:05:01,INFO,Application deployed successfully
2026-04-20 13:10:01,WARNING,Unusual traffic spike detected
2026-04-20 13:15:01,ERROR,Thread deadlock encountered
2026-04-20 13:20:01,CRITICAL,Hypervisor failure detected
2026-04-20 13:25:01,INFO,User profile updated
2026-04-20 13:30:01,WARNING,API response time exceeded threshold
2026-04-20 13:35:01,ERROR,Email delivery failed
2026-04-20 13:40:01,CRITICAL,Data center connectivity lost
2026-04-20 13:45:01,INFO,Monitoring service initialized
2026-04-20 13:50:01,WARNING,High memory fragmentation
2026-04-20 13:55:01,ERROR,Database query execution failed
2026-04-20 14:00:01,CRITICAL,Firmware corruption detected
2026-04-20 14:05:01,INFO,User password changed
2026-04-20 14:10:01,WARNING,Low virtual memory available
2026-04-20 14:15:01,ERROR,Application module crashed
2026-04-20 14:20:01,CRITICAL,Primary node unreachable
2026-04-20 14:25:01,INFO,Container started successfully
2026-04-20 14:30:01,WARNING,Unauthorized login attempt detected
2026-04-20 14:35:01,ERROR,Payment gateway timeout
2026-04-20 14:40:01,CRITICAL,Cloud sync failure
2026-04-20 14:45:01,INFO,System diagnostics completed
2026-04-20 14:50:01,WARNING,Queue length exceeded limit
2026-04-20 14:55:01,ERROR,Permission denied accessing resource
2026-04-20 15:00:01,CRITICAL,Load balancer malfunction
2026-04-20 15:05:01,INFO,Daily report generated
2026-04-20 15:10:01,WARNING,Database replication lag detected
2026-04-20 15:15:01,ERROR,Socket connection reset
2026-04-20 15:20:01,CRITICAL,Cluster synchronization failure
2026-04-20 15:25:01,INFO,New user registered
2026-04-20 15:30:01,WARNING,Backup taking longer than expected
2026-04-20 15:35:01,ERROR,Unable to write log file
2026-04-20 15:40:01,CRITICAL,Encryption module failure
2026-04-20 15:45:01,INFO,Notification service enabled
2026-04-20 15:50:01,WARNING,Excessive retries detected
2026-04-20 15:55:01,ERROR,Token validation failed
2026-04-20 16:00:01,CRITICAL,Operating system crash
2026-04-20 16:05:01,INFO,Resource allocation completed
2026-04-20 16:10:01,WARNING,High disk I/O usage
2026-04-20 16:15:01,ERROR,Cache synchronization failed
2026-04-20 16:20:01,CRITICAL,Memory leak detected
2026-04-20 16:25:01,INFO,Cloud backup completed
2026-04-20 16:30:01,WARNING,CPU temperature rising
2026-04-20 16:35:01,ERROR,Database migration failed
2026-04-20 16:40:01,CRITICAL,Network switch failure
2026-04-20 16:45:01,INFO,Service dependency resolved
2026-04-20 16:50:01,WARNING,Insufficient storage space
2026-04-20 16:55:01,ERROR,Process terminated unexpectedly
2026-04-20 17:00:01,CRITICAL,Application kernel halted
2026-04-20 17:05:01,INFO,User session restored
2026-04-20 17:10:01,WARNING,Firewall latency detected
2026-04-20 17:15:01,ERROR,Third-party API unreachable
2026-04-20 17:20:01,CRITICAL,Virtual machine crash
2026-04-20 17:25:01,INFO,Log rotation completed
2026-04-20 17:30:01,WARNING,Server response degraded
2026-04-20 17:35:01,ERROR,Microservice communication failed
2026-04-20 17:40:01,CRITICAL,Authentication server offline
2026-04-20 17:45:01,INFO,Temporary files removed
2026-04-20 17:50:01,WARNING,CPU core imbalance detected
2026-04-20 17:55:01,ERROR,Task scheduler failed
2026-04-20 18:00:01,CRITICAL,Database node disconnected
2026-04-20 18:05:01,INFO,Patch installation completed
2026-04-20 18:10:01,WARNING,Unexpected traffic surge
2026-04-20 18:15:01,ERROR,Container orchestration failure
2026-04-20 18:20:01,CRITICAL,Data replication interrupted
2026-04-20 18:25:01,INFO,Session cleanup completed
2026-04-20 18:30:01,WARNING,Disk throughput reduced
2026-04-20 18:35:01,ERROR,Network authentication failed
2026-04-20 18:40:01,CRITICAL,Distributed cache corruption
2026-04-20 18:45:01,INFO,SSL handshake completed
2026-04-20 18:50:01,WARNING,Unexpected reboot detected
2026-04-20 18:55:01,ERROR,Database rollback failed
2026-04-20 19:00:01,CRITICAL,Storage controller malfunction
2026-04-20 19:05:01,INFO,Service scaling completed
2026-04-20 19:10:01,WARNING,Increased packet retransmission
2026-04-20 19:15:01,ERROR,Invalid token signature
2026-04-20 19:20:01,CRITICAL,Application state corruption
2026-04-20 19:25:01,INFO,User access granted
2026-04-20 19:30:01,WARNING,Latency threshold exceeded
2026-04-20 19:35:01,ERROR,Remote host unreachable
2026-04-20 19:40:01,CRITICAL,Database indexing failure
2026-04-20 19:45:01,INFO,Metrics collection started
2026-04-20 19:50:01,WARNING,Cache miss rate high
2026-04-20 19:55:01,ERROR,Queue processing failed
2026-04-20 20:00:01,CRITICAL,System watchdog timeout
2026-04-20 20:05:01,INFO,Background job completed
2026-04-20 20:10:01,WARNING,Thread pool exhaustion detected
2026-04-20 20:15:01,ERROR,Database authentication timeout
2026-04-20 20:20:01,CRITICAL,Core service unavailable
2026-04-20 20:25:01,INFO,API gateway initialized
2026-04-20 20:30:01,WARNING,Server load nearing capacity
2026-04-20 20:35:01,ERROR,Failed to initialize driver
2026-04-20 20:40:01,CRITICAL,Configuration service crash
2026-04-20 20:45:01,INFO,Audit logs archived
2026-04-20 20:50:01,WARNING,Application memory spike
2026-04-20 20:55:01,ERROR,Transaction processing failed
2026-04-20 21:00:01,CRITICAL,Multi-node communication failure
2026-04-20 21:05:01,INFO,Security policy updated
2026-04-20 21:10:01,WARNING,Unexpected service slowdown
2026-04-20 21:15:01,ERROR,Disk checksum mismatch
2026-04-20 21:20:01,CRITICAL,API authentication server down
2026-04-20 21:25:01,INFO,Container image deployed
2026-04-20 21:30:01,WARNING,Power usage exceeded threshold
2026-04-20 21:35:01,ERROR,Failed to fetch user data
2026-04-20 21:40:01,CRITICAL,Kernel module panic
2026-04-20 21:45:01,INFO,Storage cleanup completed
2026-04-20 21:50:01,WARNING,Too many concurrent sessions
2026-04-20 21:55:01,ERROR,License validation failed
2026-04-20 22:00:01,CRITICAL,Failover mechanism failed